test_crps,test_week
0.02856072892050621,1
0.030006885041148814,2
0.032704575704461863,3
0.03237036575947256,4
0.03404188271808758,5
0.03064702935919408,6
0.02959738707795154,7
0.03051759731089453,8
0.03323387212764086,9
0.0321389350749213,10
0.03125407899712295,11
0.031313501121721495,12
0.02765858610288609,13
0.029212480176815638,14
0.027017267626121506,15
0.030138120686951368,16
0.03045109558053273,17
